kod_chu,DRUH,POLE,HODNOCENE_OBDOBI_OD,HODNOCENE_OBDOBI_DO
CZ0210043,Osmoderma barnabita,6150d,2014-12-19,2015-10-02
CZ0213009,Osmoderma barnabita,6255c,2013-08-07,2024-07-03
CZ0213015,Osmoderma barnabita,6251a,2014-04-22,2015-05-23
CZ0213070,Osmoderma barnabita,5750b,2014-01-16,2014-01-16
CZ0213070,Osmoderma barnabita,5750c,2014-01-16,2021-07-30
CZ0213072,Osmoderma barnabita,5850a,2012-11-04,2023-04-17
CZ0213083,Osmoderma barnabita,5751b,2013-09-24,2021-07-30
CZ0213083,Osmoderma barnabita,5752a,2015-05-18,2022-08-13
CZ0213512,Bombina variegata,6049a,2012-04-25,2024-06-03
CZ0213783,Bombina variegata,6149d,2012-05-16,2024-08-13
CZ0213787,Bombina variegata,6249a,2012-05-15,2024-07-05
CZ0213792,Osmoderma barnabita,6057b,2012-06-28,2012-06-28
CZ0213792,Osmoderma barnabita,6058a,2012-06-28,2012-06-28
CZ0213822,Bombina variegata,6048b,2018-03-15,2024-07-16
CZ0214007,Osmoderma barnabita,5854b,2016-11-01,2019-12-04
CZ0214008,Osmoderma barnabita,5849c,2015-01-01,2018-07-07
CZ0214008,Osmoderma barnabita,5849d,2015-01-01,2020-07-29
CZ0214008,Osmoderma barnabita,5949b,2015-06-01,2015-06-01
CZ0214009,Osmoderma barnabita,5856d,2021-01-01,2021-01-01
CZ0214011,Bombina variegata,6048b,2017-07-12,2021-08-03
CZ0214015,Bombina variegata,5949d,2021-05-03,2024-06-29
CZ0214041,Osmoderma barnabita,6448b,2020-07-24,2020-07-24
CZ0310001,Osmoderma barnabita,6955d,2019-01-01,2019-01-01
CZ0313094,Osmoderma barnabita,6549c,2012-09-05,2019-01-01
CZ0313098,Osmoderma barnabita,6854c,2020-04-10,2020-04-10
CZ0313099,Osmoderma barnabita,6952b,2014-07-12,2019-01-01
CZ0313099,Osmoderma barnabita,6952c,2013-04-17,2021-08-04
CZ0313099,Osmoderma barnabita,6952d,2012-06-19,2022-06-19
CZ0313106,Osmoderma barnabita,6754c,2012-02-24,2012-02-24
CZ0313106,Osmoderma barnabita,6854d,2012-03-16,2012-03-16
CZ0313106,Osmoderma barnabita,6955a,2012-03-06,2015-04-11
CZ0313113,Osmoderma barnabita,7154d,2015-07-21,2015-07-21
CZ0313113,Osmoderma barnabita,7254b,2012-03-23,2021-09-23
CZ0313128,Osmoderma barnabita,6854c,2014-03-11,2015-01-01
CZ0313128,Osmoderma barnabita,6854d,2012-03-16,2024-07-06
CZ0313131,Osmoderma barnabita,6954d,2015-01-01,2021-12-07
CZ0313131,Osmoderma barnabita,7054b,2013-06-20,2021-12-03
CZ0313138,Osmoderma barnabita,6952d,2013-08-13,2020-04-19
CZ0314019,Osmoderma barnabita,6954a,2012-04-23,2022-07-23
CZ0314023,Bombina variegata,7055a,2024-04-06,2024-04-06
CZ0314023,Osmoderma barnabita,6954b,2012-03-16,2021-06-15
CZ0314023,Osmoderma barnabita,6954d,2012-05-31,2015-07-23
CZ0314023,Osmoderma barnabita,6955c,2014-06-07,2023-03-16
CZ0314023,Osmoderma barnabita,7055a,2012-04-23,2015-03-31
CZ0314024,Bombina variegata,6744b,2013-04-15,2014-06-13
CZ0314123,Bombina variegata,7150b,2013-05-20,2024-07-12
CZ0314123,Bombina variegata,7151c,2012-08-17,2024-07-12
CZ0314124,Bombina variegata,7151d,2016-05-31,2016-05-31
CZ0314126,Osmoderma barnabita,6852d,2019-01-01,2019-01-01
CZ0314126,Osmoderma barnabita,6952b,2019-01-01,2020-07-20
CZ0320053,Osmoderma barnabita,6048d,2013-10-29,2013-10-29
CZ0320140,Bombina variegata,6447c,2014-04-24,2014-04-24
CZ0322055,Bombina variegata,6442d,2021-09-21,2021-09-21
CZ0323143,Bombina variegata,6447a,2012-04-24,2024-06-08
CZ0323155,Osmoderma barnabita,6347a,2022-08-08,2023-06-19
CZ0323159,Osmoderma barnabita,6246b,2013-11-06,2013-11-06
CZ0323160,Bombina variegata,6443b,2012-05-22,2024-06-07
CZ0323162,Bombina variegata,6445b,2013-08-15,2024-07-14
CZ0323167,Bombina variegata,6247c,2012-06-16,2024-06-25
CZ0323167,Bombina variegata,6247d,2012-06-16,2024-06-25
CZ0323169,Bombina variegata,6243b,2012-06-17,2024-07-24
CZ0323478,Bombina variegata,6545b,2015-06-02,2019-09-10
CZ0323478,Bombina variegata,6546a,2014-07-16,2024-07-14
CZ0323826,Bombina variegata,6345b,2012-06-17,2024-07-24
CZ0413190,Osmoderma barnabita,5743b,2018-10-03,2018-10-03
CZ0420021,Osmoderma barnabita,5545c,2015-10-01,2015-10-01
CZ0423202,Osmoderma barnabita,5449c,2021-05-23,2021-05-23
CZ0423210,Osmoderma barnabita,5349c,2015-10-01,2025-03-02
CZ0423213,Osmoderma barnabita,5546b,2025-03-02,2025-03-02
CZ0423217,Osmoderma barnabita,5746a,2013-09-23,2014-03-20
CZ0423217,Osmoderma barnabita,5746c,2013-09-23,2014-11-13
CZ0423223,Osmoderma barnabita,5846d,2015-05-17,2022-08-06
CZ0423224,Osmoderma barnabita,5451a,2013-12-11,2022-11-28
CZ0423233,Osmoderma barnabita,5548d,2020-04-18,2020-04-29
CZ0424125,Bombina variegata,5845b,2024-04-15,2024-04-15
CZ0424127,Osmoderma barnabita,5446d,2014-09-28,2014-09-28
CZ0424127,Osmoderma barnabita,5447a,2014-07-17,2021-10-10
CZ0424138,Osmoderma barnabita,5550d,2018-10-26,2018-10-26
CZ0513255,Osmoderma barnabita,5454a,2023-07-24,2023-07-24
CZ0513505,Osmoderma barnabita,5251b,2017-03-28,2017-03-28
CZ0513508,Osmoderma barnabita,5353c,2012-05-25,2021-06-30
CZ0514042,Osmoderma barnabita,5353c,2013-07-17,2021-06-30
CZ0514042,Osmoderma barnabita,5354c,2014-07-13,2022-11-29
CZ0514042,Osmoderma barnabita,5453b,2014-07-23,2019-11-27
CZ0514042,Osmoderma barnabita,5454a,2015-07-23,2021-07-30
CZ0514042,Osmoderma barnabita,5454b,2017-05-07,2023-06-27
CZ0514243,Osmoderma barnabita,5454c,2012-08-01,2020-07-25
CZ0514670,Osmoderma barnabita,5352c,2016-03-25,2022-11-29
CZ0514670,Osmoderma barnabita,5352d,2017-07-18,2021-07-18
CZ0523010,Osmoderma barnabita,5861a,2017-10-27,2017-11-04
CZ0523264,Osmoderma barnabita,5760a,2016-05-20,2016-06-23
CZ0523268,Osmoderma barnabita,5562c,2017-03-21,2017-03-21
CZ0523274,Osmoderma barnabita,5558c,2012-06-29,2021-08-13
CZ0523284,Osmoderma barnabita,5762b,2012-06-14,2023-08-03
CZ0523290,Osmoderma barnabita,5862a,2012-05-01,2017-06-09
CZ0533295,Osmoderma barnabita,6159c,2012-06-27,2022-07-01
CZ0533295,Osmoderma barnabita,6159d,2012-06-27,2022-07-01
CZ0533297,Osmoderma barnabita,5861d,2012-06-19,2015-07-23
CZ0533300,Osmoderma barnabita,6059d,2021-08-20,2021-08-20
CZ0533300,Osmoderma barnabita,6060a,2021-08-04,2021-08-04
CZ0533300,Osmoderma barnabita,6060c,2014-07-05,2021-08-04
CZ0533302,Osmoderma barnabita,6059b,2014-07-06,2021-07-15
CZ0533307,Osmoderma barnabita,5960b,2022-06-24,2022-06-24
CZ0533308,Osmoderma barnabita,5959b,2014-05-20,2014-05-20
CZ0533309,Osmoderma barnabita,5960d,2012-06-27,2022-07-22
CZ0533310,Osmoderma barnabita,6161a,2021-05-24,2021-05-24
CZ0533316,Osmoderma barnabita,6062a,2012-06-21,2021-09-16
CZ0533501,Osmoderma barnabita,6160b,2015-07-19,2022-08-02
CZ0533696,Osmoderma barnabita,6060d,2016-12-20,2023-08-02
CZ0533698,Osmoderma barnabita,5958b,2016-12-01,2017-06-22
CZ0533698,Osmoderma barnabita,5958d,2016-12-01,2022-02-10
CZ0534053,Osmoderma barnabita,6160b,2018-05-08,2018-08-27
CZ0610159,Osmoderma barnabita,6659c,2021-08-06,2022-07-22
CZ0610179,Osmoderma barnabita,6961b,2021-07-05,2021-07-05
CZ0612149,Osmoderma barnabita,7059d,2012-05-28,2021-10-31
CZ0613002,Osmoderma barnabita,6758b,2014-05-21,2014-06-17
CZ0613013,Bombina variegata,6758d,2021-04-26,2021-06-05
CZ0613816,Osmoderma barnabita,6762d,2015-01-01,2020-07-25
CZ0613816,Osmoderma barnabita,6763c,2015-01-01,2023-09-01
CZ0613816,Osmoderma barnabita,6863a,2015-01-01,2020-07-25
CZ0614131,Osmoderma barnabita,6862b,2012-03-09,2022-06-24
CZ0620084,Osmoderma barnabita,7065d,2015-11-10,2019-01-01
CZ0623022,Osmoderma barnabita,7164b,2024-04-22,2024-04-22
CZ0623022,Osmoderma barnabita,7164d,2024-04-22,2024-04-22
CZ0623025,Osmoderma barnabita,6867a,2012-08-26,2020-10-04
CZ0623032,Osmoderma barnabita,6965d,2016-10-24,2016-10-27
CZ0623045,Osmoderma barnabita,7266b,2014-07-10,2014-07-10
CZ0623349,Bombina variegata,7171a,2013-07-01,2024-07-20
CZ0623801,Osmoderma barnabita,6965d,2019-01-01,2019-01-01
CZ0624001,Osmoderma barnabita,7163c,2016-05-24,2016-05-24
CZ0624072,Bombina variegata,7169d,2024-07-16,2024-07-16
CZ0624072,Bombina variegata,7170a,2012-06-07,2021-06-06
CZ0624072,Bombina variegata,7170b,2020-09-10,2020-09-10
CZ0624072,Bombina variegata,7170c,2019-05-02,2023-08-30
CZ0624072,Bombina variegata,7170d,2019-05-11,2023-08-30
CZ0624095,Osmoderma barnabita,7060c,2012-06-23,2023-07-06
CZ0624095,Osmoderma barnabita,7060d,2021-11-20,2023-06-11
CZ0624096,Osmoderma barnabita,7162a,2023-10-29,2023-10-29
CZ0624099,Osmoderma barnabita,7166a,2013-04-27,2013-04-27
CZ0624099,Osmoderma barnabita,7166c,2012-05-20,2019-05-01
CZ0624099,Osmoderma barnabita,7166d,2012-01-01,2022-04-11
CZ0624099,Osmoderma barnabita,7167c,2014-07-16,2022-04-11
CZ0624099,Osmoderma barnabita,7267a,2014-11-12,2022-04-11
CZ0624119,Osmoderma barnabita,7168d,2015-01-01,2023-08-24
CZ0624119,Osmoderma barnabita,7267a,2014-12-04,2014-12-04
CZ0624119,Osmoderma barnabita,7267c,2013-01-01,2022-04-11
CZ0624119,Osmoderma barnabita,7267d,2015-01-01,2022-04-11
CZ0624119,Osmoderma barnabita,7268a,2015-01-01,2022-04-10
CZ0624119,Osmoderma barnabita,7268c,2015-01-01,2022-04-10
CZ0624119,Osmoderma barnabita,7367b,2013-01-01,2022-04-11
CZ0624119,Osmoderma barnabita,7367d,2013-01-01,2022-04-11
CZ0624130,Osmoderma barnabita,6666c,2014-08-08,2024-04-07
CZ0713385,Bombina variegata,5769b,2012-05-09,2024-07-14
CZ0713398,Bombina variegata,5770a,2012-05-06,2024-07-31
CZ0713827,Bombina variegata,5669a,2015-05-17,2024-07-31
CZ0713827,Bombina variegata,5669c,2014-04-11,2024-06-17
CZ0714082,Osmoderma barnabita,6570b,2013-04-06,2013-04-06
CZ0714085,Osmoderma barnabita,6569d,2022-10-27,2022-10-27
CZ0714133,Bombina variegata,6370b,2012-06-10,2012-06-10
CZ0714133,Bombina variegata,6370d,2012-06-10,2021-04-01
CZ0714133,Bombina variegata,6371a,2012-05-30,2012-05-30
CZ0720033,Bombina variegata,6673c,2022-05-10,2022-05-10
CZ0720033,Bombina variegata,6673d,2019-07-08,2024-09-04
CZ0720185,Bombina variegata,6672a,2014-06-14,2014-06-14
CZ0720190,Bombina variegata,6672c,2012-06-04,2017-06-30
CZ0720422,Bombina variegata,7072b,2016-08-16,2016-08-16
CZ0720428,Bombina variegata,6973c,2013-04-06,2024-08-20
CZ0720435,Bombina variegata,6874c,2013-04-06,2024-07-14
CZ0720437,Bombina variegata,6973b,2022-08-10,2022-08-10
CZ0720441,Bombina variegata,6874c,2022-06-24,2023-06-15
CZ0720454,Bombina variegata,6874d,2021-05-26,2021-05-26
CZ0722199,Bombina variegata,6874d,2019-06-12,2019-06-12
CZ0723403,Bombina variegata,6872a,2012-03-28,2024-04-11
CZ0723406,Bombina variegata,6672a,2015-06-11,2015-06-11
CZ0723409,Bombina variegata,6771a,2019-04-09,2023-06-01
CZ0723412,Bombina variegata,6971d,2012-06-20,2024-06-17
CZ0723413,Bombina variegata,6972c,2020-06-15,2020-06-15
CZ0723416,Bombina variegata,6971a,2012-03-27,2024-05-09
CZ0723430,Bombina variegata,6972c,2014-05-22,2024-06-16
CZ0723434,Bombina variegata,6974a,2022-05-13,2022-05-13
CZ0724087,Bombina variegata,6972a,2017-07-13,2017-07-13
CZ0724087,Osmoderma barnabita,6972a,2024-07-26,2024-07-26
CZ0724087,Osmoderma barnabita,6972c,2013-01-01,2024-07-26
CZ0724089,Bombina variegata,6376d,2021-06-04,2022-06-14
CZ0724089,Bombina variegata,6377a,2014-07-06,2014-07-06
CZ0724089,Bombina variegata,6377c,2017-08-04,2024-11-01
CZ0724089,Bombina variegata,6377d,2012-07-20,2019-08-28
CZ0724089,Bombina variegata,6378c,2020-05-04,2024-06-07
CZ0724089,Bombina variegata,6474c,2019-06-03,2024-05-31
CZ0724089,Bombina variegata,6474d,2016-09-04,2024-05-30
CZ0724089,Bombina variegata,6475c,2012-06-16,2024-06-14
CZ0724089,Bombina variegata,6476a,2022-07-19,2022-08-03
CZ0724089,Bombina variegata,6476b,2014-05-24,2024-06-06
CZ0724089,Bombina variegata,6476c,2015-07-04,2024-05-27
CZ0724089,Bombina variegata,6476d,2012-08-18,2024-09-11
CZ0724089,Bombina variegata,6477a,2024-07-16,2024-07-16
CZ0724089,Bombina variegata,6477b,2012-06-23,2024-05-06
CZ0724089,Bombina variegata,6477c,2014-05-17,2024-09-04
CZ0724089,Bombina variegata,6477d,2017-08-18,2024-05-29
CZ0724089,Bombina variegata,6478a,2015-05-19,2020-08-14
CZ0724089,Bombina variegata,6478c,2017-05-13,2023-07-11
CZ0724089,Bombina variegata,6574b,2013-05-20,2024-08-24
CZ0724089,Bombina variegata,6574c,2021-05-29,2024-07-27
CZ0724089,Bombina variegata,6574d,2015-05-29,2024-03-15
CZ0724089,Bombina variegata,6575a,2014-05-09,2024-08-12
CZ0724089,Bombina variegata,6575b,2013-09-04,2024-08-18
CZ0724089,Bombina variegata,6575c,2012-05-20,2023-06-10
CZ0724089,Bombina variegata,6575d,2013-08-03,2024-07-27
CZ0724089,Bombina variegata,6576a,2012-06-11,2024-08-19
CZ0724089,Bombina variegata,6576b,2012-06-11,2024-06-28
CZ0724089,Bombina variegata,6576c,2012-06-11,2024-05-10
CZ0724089,Bombina variegata,6576d,2012-05-21,2024-09-07
CZ0724089,Bombina variegata,6577a,2013-05-16,2023-08-19
CZ0724089,Bombina variegata,6577b,2017-07-16,2024-07-08
CZ0724089,Bombina variegata,6674a,2012-04-24,2024-07-31
CZ0724089,Bombina variegata,6674b,2012-06-28,2024-09-06
CZ0724089,Bombina variegata,6674c,2020-05-30,2023-05-21
CZ0724089,Bombina variegata,6674d,2014-06-04,2024-06-08
CZ0724089,Bombina variegata,6675a,2012-04-27,2024-06-21
CZ0724089,Bombina variegata,6675b,2012-07-12,2024-09-08
CZ0724089,Bombina variegata,6675c,2012-06-21,2024-06-17
CZ0724089,Bombina variegata,6675d,2014-05-27,2022-06-02
CZ0724089,Bombina variegata,6676a,2012-07-04,2024-09-07
CZ0724089,Bombina variegata,6676b,2013-06-23,2023-07-08
CZ0724089,Bombina variegata,6676c,2015-06-30,2021-08-22
CZ0724089,Bombina variegata,6774a,2012-05-22,2022-06-09
CZ0724089,Bombina variegata,6774b,2014-04-29,2024-08-07
CZ0724089,Bombina variegata,6774c,2015-05-26,2024-07-12
CZ0724089,Bombina variegata,6774d,2012-06-06,2024-07-12
CZ0724089,Bombina variegata,6775a,2012-06-18,2024-06-15
CZ0724089,Bombina variegata,6775b,2023-05-06,2023-06-30
CZ0724089,Bombina variegata,6874a,2014-04-24,2014-04-24
CZ0724089,Bombina variegata,6874b,2016-09-02,2017-08-18
CZ0724090,Bombina variegata,7071d,2012-05-24,2024-05-28
CZ0724090,Bombina variegata,7072a,2020-03-13,2020-09-16
CZ0724090,Bombina variegata,7072b,2016-05-10,2022-06-28
CZ0724090,Bombina variegata,7072c,2014-05-28,2024-08-12
CZ0724090,Bombina variegata,7072d,2018-05-01,2024-06-06
CZ0724090,Bombina variegata,7073a,2013-08-03,2024-07-25
CZ0724090,Bombina variegata,7073c,2017-05-16,2022-06-14
CZ0724090,Bombina variegata,7171a,2012-06-07,2022-08-25
CZ0724090,Bombina variegata,7171b,2013-05-26,2024-05-28
CZ0724090,Bombina variegata,7171c,2015-05-22,2024-07-19
CZ0724090,Bombina variegata,7172a,2013-06-08,2023-06-03
CZ0724091,Bombina variegata,6770c,2016-07-04,2016-07-04
CZ0724091,Bombina variegata,6770d,2015-04-24,2015-04-24
CZ0724091,Bombina variegata,6869c,2014-09-18,2015-05-17
CZ0724091,Bombina variegata,6869d,2013-07-10,2021-08-11
CZ0724091,Bombina variegata,6870a,2015-06-20,2015-06-20
CZ0724091,Bombina variegata,6870b,2017-07-04,2024-08-15
CZ0724091,Bombina variegata,6969a,2014-08-29,2020-07-07
CZ0724120,Osmoderma barnabita,6870d,2013-07-05,2022-06-15
CZ0724120,Osmoderma barnabita,6871c,2015-04-21,2015-04-21
CZ0724121,Bombina variegata,6673b,2018-05-28,2018-05-28
CZ0724429,Bombina variegata,6672a,2013-07-02,2022-06-03
CZ0724429,Bombina variegata,6672b,2012-05-08,2023-05-06
CZ0724430,Bombina variegata,6974a,2012-07-12,2021-07-26
CZ0724430,Bombina variegata,6974b,2014-05-23,2022-06-28
CZ0724430,Bombina variegata,6974c,2013-05-23,2023-08-02
CZ0810004,Bombina variegata,6376a,2012-07-08,2021-09-06
CZ0810004,Bombina variegata,6376b,2012-07-27,2024-05-30
CZ0810004,Bombina variegata,6376d,2012-04-19,2020-06-07
CZ0810018,Bombina variegata,6169b,2012-06-05,2012-06-05
CZ0810035,Bombina variegata,6473b,2015-07-01,2015-07-01
CZ0810036,Bombina variegata,6474b,2012-06-02,2024-08-10
CZ0810425,Bombina variegata,6276d,2016-07-21,2016-07-21
CZ0813438,Bombina variegata,6373d,2022-05-14,2022-05-14
CZ0813447,Osmoderma barnabita,6375c,2013-07-15,2019-07-31
CZ0813449,Osmoderma barnabita,6175a,2015-07-07,2015-08-03
CZ0813451,Osmoderma barnabita,6176b,2015-06-06,2019-08-01
CZ0813451,Osmoderma barnabita,6177a,2015-06-06,2019-08-01
CZ0813457,Bombina variegata,6076c,2012-06-20,2024-08-16
CZ0813457,Bombina variegata,6076d,2015-05-30,2024-10-17
CZ0813457,Osmoderma barnabita,6076c,2015-06-06,2019-08-01
CZ0813457,Osmoderma barnabita,6076d,2019-08-01,2019-08-01
CZ0813460,Osmoderma barnabita,5672c,2021-08-10,2021-08-10
CZ0813461,Osmoderma barnabita,6075d,2019-04-10,2019-09-02
CZ0813463,Osmoderma barnabita,6275d,2015-06-07,2019-07-10
CZ0813469,Bombina variegata,5872c,2012-05-02,2023-07-27
CZ0813475,Bombina variegata,6276a,2023-06-16,2023-06-16
CZ0813516,Bombina variegata,6378c,2013-06-09,2016-04-17
CZ0813516,Bombina variegata,6478b,2015-07-19,2015-07-19
CZ0814092,Bombina variegata,6274d,2014-06-27,2014-06-27
CZ0814092,Bombina variegata,6275a,2022-09-04,2022-09-04
CZ0814092,Osmoderma barnabita,6274c,2013-09-08,2022-05-02
CZ0814092,Osmoderma barnabita,6274d,2013-08-11,2023-02-21
CZ0814092,Osmoderma barnabita,6275a,2015-10-29,2015-10-29
CZ0814092,Osmoderma barnabita,6275c,2013-09-08,2023-01-17
CZ0814092,Osmoderma barnabita,6373b,2020-02-20,2020-02-20
CZ0814092,Osmoderma barnabita,6373c,2014-08-20,2014-08-20
CZ0814092,Osmoderma barnabita,6373d,2014-09-11,2023-01-03
CZ0814092,Osmoderma barnabita,6374a,2013-06-13,2023-02-21
CZ0814093,Bombina variegata,6075d,2013-07-09,2013-07-09
CZ0814093,Bombina variegata,6076c,2015-05-29,2024-08-14
CZ0814093,Osmoderma barnabita,6076c,2024-03-08,2024-03-08
