kod_chu,DRUH,POSLEDNI_NALEZ
CZ0210043,Osmoderma barnabita,2015-10-02
CZ0213009,Osmoderma barnabita,2024-07-03
CZ0213015,Osmoderma barnabita,2015-05-23
CZ0213070,Osmoderma barnabita,2021-07-30
CZ0213072,Osmoderma barnabita,2023-04-17
CZ0213083,Osmoderma barnabita,2022-08-13
CZ0213512,Bombina variegata,2024-06-03
CZ0213783,Bombina variegata,2024-08-13
CZ0213787,Bombina variegata,2024-07-05
CZ0213792,Osmoderma barnabita,2012-06-28
CZ0213822,Bombina variegata,2024-07-16
CZ0214007,Osmoderma barnabita,2019-12-04
CZ0214008,Osmoderma barnabita,2020-07-29
CZ0214009,Osmoderma barnabita,2021-01-01
CZ0214011,Bombina variegata,2021-08-03
CZ0214015,Bombina variegata,2024-06-29
CZ0214041,Osmoderma barnabita,2020-07-24
CZ0310001,Osmoderma barnabita,2019-01-01
CZ0313094,Osmoderma barnabita,2019-01-01
CZ0313098,Osmoderma barnabita,2020-04-10
CZ0313099,Osmoderma barnabita,2022-06-19
CZ0313106,Osmoderma barnabita,2015-04-11
CZ0313113,Osmoderma barnabita,2021-09-23
CZ0313128,Osmoderma barnabita,2024-07-06
CZ0313131,Osmoderma barnabita,2021-12-07
CZ0313138,Osmoderma barnabita,2020-04-19
CZ0314019,Osmoderma barnabita,2022-07-23
CZ0314023,Bombina variegata,2024-04-06
CZ0314023,Osmoderma barnabita,2023-03-16
CZ0314024,Bombina variegata,2014-06-13
CZ0314123,Bombina variegata,2024-07-12
CZ0314124,Bombina variegata,2016-05-31
CZ0314126,Osmoderma barnabita,2020-07-20
CZ0320053,Osmoderma barnabita,2013-10-29
CZ0320140,Bombina variegata,2014-04-24
CZ0322055,Bombina variegata,2021-09-21
CZ0323143,Bombina variegata,2024-06-08
CZ0323155,Osmoderma barnabita,2023-06-19
CZ0323159,Osmoderma barnabita,2013-11-06
CZ0323160,Bombina variegata,2024-06-07
CZ0323162,Bombina variegata,2024-07-14
CZ0323167,Bombina variegata,2024-06-25
CZ0323169,Bombina variegata,2024-07-24
CZ0323478,Bombina variegata,2024-07-14
CZ0323826,Bombina variegata,2024-07-24
CZ0413190,Osmoderma barnabita,2018-10-03
CZ0420021,Osmoderma barnabita,2015-10-01
CZ0423202,Osmoderma barnabita,2021-05-23
CZ0423210,Osmoderma barnabita,2025-03-02
CZ0423213,Osmoderma barnabita,2025-03-02
CZ0423217,Osmoderma barnabita,2014-11-13
CZ0423223,Osmoderma barnabita,2022-08-06
CZ0423224,Osmoderma barnabita,2022-11-28
CZ0423233,Osmoderma barnabita,2020-04-29
CZ0424125,Bombina variegata,2024-04-15
CZ0424127,Osmoderma barnabita,2021-10-10
CZ0424138,Osmoderma barnabita,2018-10-26
CZ0513255,Osmoderma barnabita,2023-07-24
CZ0513505,Osmoderma barnabita,2017-03-28
CZ0513508,Osmoderma barnabita,2021-06-30
CZ0514042,Osmoderma barnabita,2023-06-27
CZ0514243,Osmoderma barnabita,2020-07-25
CZ0514670,Osmoderma barnabita,2022-11-29
CZ0523010,Osmoderma barnabita,2017-11-04
CZ0523264,Osmoderma barnabita,2016-06-23
CZ0523268,Osmoderma barnabita,2017-03-21
CZ0523274,Osmoderma barnabita,2021-08-13
CZ0523284,Osmoderma barnabita,2023-08-03
CZ0523290,Osmoderma barnabita,2017-06-09
CZ0533295,Osmoderma barnabita,2022-07-01
CZ0533297,Osmoderma barnabita,2015-07-23
CZ0533300,Osmoderma barnabita,2021-08-20
CZ0533302,Osmoderma barnabita,2021-07-15
CZ0533307,Osmoderma barnabita,2022-06-24
CZ0533308,Osmoderma barnabita,2014-05-20
CZ0533309,Osmoderma barnabita,2022-07-22
CZ0533310,Osmoderma barnabita,2021-05-24
CZ0533316,Osmoderma barnabita,2021-09-16
CZ0533501,Osmoderma barnabita,2022-08-02
CZ0533696,Osmoderma barnabita,2023-08-02
CZ0533698,Osmoderma barnabita,2022-02-10
CZ0534053,Osmoderma barnabita,2018-08-27
CZ0610159,Osmoderma barnabita,2022-07-22
CZ0610179,Osmoderma barnabita,2021-07-05
CZ0612149,Osmoderma barnabita,2021-10-31
CZ0613002,Osmoderma barnabita,2014-06-17
CZ0613013,Bombina variegata,2021-06-05
CZ0613816,Osmoderma barnabita,2023-09-01
CZ0614131,Osmoderma barnabita,2022-06-24
CZ0620084,Osmoderma barnabita,2019-01-01
CZ0623022,Osmoderma barnabita,2024-04-22
CZ0623025,Osmoderma barnabita,2020-10-04
CZ0623032,Osmoderma barnabita,2016-10-27
CZ0623045,Osmoderma barnabita,2014-07-10
CZ0623349,Bombina variegata,2024-07-20
CZ0623801,Osmoderma barnabita,2019-01-01
CZ0624001,Osmoderma barnabita,2016-05-24
CZ0624072,Bombina variegata,2024-07-16
CZ0624095,Osmoderma barnabita,2023-07-06
CZ0624096,Osmoderma barnabita,2023-10-29
CZ0624099,Osmoderma barnabita,2022-04-11
CZ0624119,Osmoderma barnabita,2023-08-24
CZ0624130,Osmoderma barnabita,2024-04-07
CZ0713385,Bombina variegata,2024-07-14
CZ0713398,Bombina variegata,2024-07-31
CZ0713827,Bombina variegata,2024-07-31
CZ0714082,Osmoderma barnabita,2013-04-06
CZ0714085,Osmoderma barnabita,2022-10-27
CZ0714133,Bombina variegata,2021-04-01
CZ0720033,Bombina variegata,2024-09-04
CZ0720185,Bombina variegata,2014-06-14
CZ0720190,Bombina variegata,2017-06-30
CZ0720422,Bombina variegata,2016-08-16
CZ0720428,Bombina variegata,2024-08-20
CZ0720435,Bombina variegata,2024-07-14
CZ0720437,Bombina variegata,2022-08-10
CZ0720441,Bombina variegata,2023-06-15
CZ0720454,Bombina variegata,2021-05-26
CZ0722199,Bombina variegata,2019-06-12
CZ0723403,Bombina variegata,2024-04-11
CZ0723406,Bombina variegata,2015-06-11
CZ0723409,Bombina variegata,2023-06-01
CZ0723412,Bombina variegata,2024-06-17
CZ0723413,Bombina variegata,2020-06-15
CZ0723416,Bombina variegata,2024-05-09
CZ0723430,Bombina variegata,2024-06-16
CZ0723434,Bombina variegata,2022-05-13
CZ0724087,Bombina variegata,2017-07-13
CZ0724087,Osmoderma barnabita,2024-07-26
CZ0724089,Bombina variegata,2024-11-01
CZ0724090,Bombina variegata,2024-08-12
CZ0724091,Bombina variegata,2024-08-15
CZ0724120,Osmoderma barnabita,2022-06-15
CZ0724121,Bombina variegata,2018-05-28
CZ0724429,Bombina variegata,2023-05-06
CZ0724430,Bombina variegata,2023-08-02
CZ0810004,Bombina variegata,2024-05-30
CZ0810018,Bombina variegata,2012-06-05
CZ0810035,Bombina variegata,2015-07-01
CZ0810036,Bombina variegata,2024-08-10
CZ0810425,Bombina variegata,2016-07-21
CZ0813438,Bombina variegata,2022-05-14
CZ0813447,Osmoderma barnabita,2019-07-31
CZ0813449,Osmoderma barnabita,2015-08-03
CZ0813451,Osmoderma barnabita,2019-08-01
CZ0813457,Bombina variegata,2024-10-17
CZ0813457,Osmoderma barnabita,2019-08-01
CZ0813460,Osmoderma barnabita,2021-08-10
CZ0813461,Osmoderma barnabita,2019-09-02
CZ0813463,Osmoderma barnabita,2019-07-10
CZ0813469,Bombina variegata,2023-07-27
CZ0813475,Bombina variegata,2023-06-16
CZ0813516,Bombina variegata,2016-04-17
CZ0814092,Bombina variegata,2022-09-04
CZ0814092,Osmoderma barnabita,2023-02-21
CZ0814093,Bombina variegata,2024-08-14
CZ0814093,Osmoderma barnabita,2024-03-08
